comparison,a,b,ticket,quality_a_minus_b,minutes_a_minus_b,seconds_a_over_b,cost_usd_a_minus_b,cost_a_over_b
H1,e2,g,0211,5.5,6.286666666666666,10.549367088607594,0.1482,2.2495784148397977
H1,e2,g,0233,-0.5,4.401666666666667,3.8095744680851067,-0.022800000000000015,0.8801261829652997
H1,e2,g,0333,0.0,6.273333333333334,2.9947005829358773,-0.12130000000000002,0.7273544616767813
H1,e2,g,0338,9.0,7.071666666666667,12.818941504178273,0.13169999999999998,2.22739981360671
H1,e2,g,0452,-2.0,2.4483333333333337,1.9198497182216658,-0.08410000000000001,0.8022572301904538
H1,e2,g,0470,-3.0,0.315,2.7499999999999996,0.0092,1.1920668058455115
H1,e2,g,0532,-3.0,3.8099999999999996,6.891752577319587,0.1102,2.0626808100289296
H1,e2,g,0673,3.0,3.276666666666666,3.252004581901489,-0.059099999999999986,0.7711962833914053
H1,e2,g,0874,-4.0,-7.584999999999999,0.175991309071157,-1.1008,0.12697279720834326
H1,e2,g,1372,8.0,4.283333333333333,6.2880658436214,0.005400000000000002,1.067754077791719
H2-a,l,a,0211,1.5,-40.986666666666665,0.0875630750964678,-0.08218128000000002,0.2634850577086048
H2-a,l,a,0233,-0.5,-36.70166666666667,0.09247887904389038,-0.07125710000000002,0.2906713412989226
H2-a,l,a,0333,0.5,-101.68833333333333,0.07296209070880498,-0.18417410000000006,0.3240674985255479
H2-a,l,a,0338,0.5,-45.34166666666667,0.06367234555154018,-0.10148770000000003,0.15629195670047724
H2-a,l,a,0452,-3.5,-77.81333333333333,0.13267694594092513,-0.10175620000000006,0.5433997348963141
H2-a,l,a,0470,-4.0,-17.456666666666663,0.02667038379332776,-0.04125054000000001,0.07407317621739264
H2-a,l,a,0532,10.0,-33.483333333333334,0.11200495049504951,-0.06736336000000002,0.2807928308358785
H2-a,l,a,0673,-4.0,-53.723333333333336,0.03218639284213055,-0.12248684000000004,0.1116857852424495
H2-a,l,a,0874,18.0,-116.93333333333334,0.02558262270492486,-0.25878828000000004,0.13184013809600295
H2-a,l,a,1372,-2.5,-64.39333333333333,0.13411026445540117,-0.16822680000000007,0.08932109471933686
H2-b,l,b,0211,-7.0,-25.098333333333336,0.13548424134565704,-0.04271466000000003,0.4076840964098006
H2-b,l,b,0233,-2.0,-48.891666666666666,0.07105988156686406,-0.10153706000000004,0.22334906414447434
H2-b,l,b,0333,10.0,-30.085,0.21012558526232877,-0.006311420000000026,0.933291139695398
H2-b,l,b,0338,-7.0,-20.698333333333334,0.12965169248020184,-0.04027366000000002,0.31824674482671284
H2-b,l,b,0452,-2.0,-20.406666666666663,0.3684101929227278,0.04084195999999998,1.5088830975687915
H2-b,l,b,0470,-2.5,-14.253333333333332,0.03246973639551985,-0.03329346000000001,0.09018004856605523
H2-b,l,b,0532,5.0,-19.71333333333333,0.17643782203035788,-0.03315868000000001,0.44232398028345055
H2-b,l,b,0673,3.0,-28.509999999999998,0.05897238420068215,-0.05985692000000002,0.20463234477307862
H2-b,l,b,0874,14.0,-102.18666666666667,0.029166798619248188,-0.22215756000000003,0.15031120155791247
H2-b,l,b,1372,-0.5,-34.098333333333336,0.22629807510494268,-0.09297402000000003,0.15072069153941725
H2-b2,l,b2,0211,-7.0,-53.64,0.0683186660490968,-0.11361216000000003,0.20557692436782993
H2-b2,l,b2,0233,-13.0,-35.48833333333333,0.0953392530908782,-0.06824318000000001,0.29966181317153234
H2-b2,l,b2,0333,0.0,-39.005,0.17025350115227797,-0.028468700000000027,0.7561957956198877
H2-b2,l,b2,0338,-4.5,-22.738333333333333,0.11940876524882205,-0.045341020000000024,0.2931041632951892
H2-b2,l,b2,0452,-6.5,-30.615,0.27995766532084204,0.015484459999999978,1.1466115687142249
H2-b2,l,b2,0470,-1.0,-41.48500000000001,0.011398840257367543,-0.10093692000000004,0.03165864839444602
H2-b2,l,b2,0532,-1.0,-27.529999999999998,0.13300440898593324,-0.052575280000000016,0.3334378020591495
H2-b2,l,b2,0673,-7.5,-41.42666666666667,0.04134526380746683,-0.09194192000000004,0.14346678352688302
H2-b2,l,b2,0874,0.0,-70.93833333333333,0.04148181511091093,-0.14453670000000005,0.21377668332819286
H2-b2,l,b2,1372,0.5,-48.00666666666667,0.17201333793262044,-0.12752232000000002,0.1145655756691046
H2-b3,l,b3,0211,-3.0,-43.32,0.08323927765237021,-0.08797728000000003,0.25047436778224874
H2-b3,l,b3,0233,-11.0,-20.233333333333334,0.15600667408231367,-0.03034976000000002,0.49034622473709366
H2-b3,l,b3,0333,0.0,-30.764999999999997,0.20643996388805297,-0.008000540000000014,0.9169211304526432
H2-b3,l,b3,0338,-4.5,-15.181666666666668,0.16881102290354957,-0.026570260000000016,0.41436835495322255
H2-b3,l,b3,0452,10.5,-20.44833333333333,0.3679357065581372,0.040738459999999976,1.5069397624784189
H2-b3,l,b3,0470,2.0,-17.703333333333333,0.026308552571271425,-0.04186326000000002,0.07306824175225612
H2-b3,l,b3,0532,4.0,-12.273333333333333,0.256011315417256,-0.014677720000000009,0.6418121847677224
H2-b3,l,b3,0673,-6.0,-32.126666666666665,0.052683310399056424,-0.06884072000000002,0.18280945367038645
H2-b3,l,b3,0874,18.0,-116.935,0.02558226740552477,-0.2587924200000001,0.13183830705926702
H2-b3,l,b3,1372,4.5,-38.115,0.20739611132291266,-0.10295142000000003,0.13813146800598936
H2-c,l,c,0211,6.5,-14.176666666666666,0.21719123872630225,-0.01558524000000001,0.6535476969779419
H2-c,l,c,0233,8.5,-5.530000000000001,0.4034519956850054,0.0061733199999999926,1.2680942280867233
H2-c,l,c,0333,24.5,1.5833333333333333,1.2466251298026998,0.07235272,5.536994396536587
H2-c,l,c,0338,14.5,-3.0149999999999997,0.5056026236676688,0.003651739999999999,1.2410666307549514
H2-c,l,c,0452,20.5,1.25,1.1173341677096371,0.09463711999999999,4.576221484585199
H2-c,l,c,0470,0.0,-1.0933333333333333,0.30434782608695654,-0.0006040200000000007,0.845282554904944
H2-c,l,c,0532,22.5,-2.288333333333333,0.6485794727412337,0.010125019999999998,1.625968007379298
H2-c,l,c,0673,10.0,1.5466666666666666,7.444444444444445,0.01480384,25.831991411701548
H2-c,l,c,0874,2.0,-33.63666666666667,0.08363603341808935,-0.05187936000000003,0.43101859894607714
H2-c,l,c,1372,10.0,3.451666666666666,1.5292614362381802,0.0003001799999999971,1.0185298355166907
H2-c2,l,c2,0211,14.0,-10.351666666666667,0.27534710068836776,-0.006083940000000013,0.8285438426510694
H2-c2,l,c2,0233,5.5,-0.3866666666666665,0.9063004846526657,0.01894936,2.84860262383617
H2-c2,l,c2,0333,22.0,2.9183333333333326,1.5739101933792197,0.07566886,6.990659592087489
H2-c2,l,c2,0338,5.5,-7.403333333333334,0.29402415766052126,-0.007248880000000006,0.721720089309022
H2-c2,l,c2,0452,17.5,-7.131666666666664,0.6253392872778216,0.07381705999999999,2.5611774563933625
H2-c2,l,c2,0470,25.0,-0.8966666666666666,0.34787878787878784,-0.00011550000000000102,0.9661835748792268
H2-c2,l,c2,0532,12.0,-1.1749999999999996,0.7823402284655758,0.012890539999999999,1.9613019465362511
H2-c2,l,c2,0673,5.0,-0.62,0.7423822714681441,0.009421839999999999,2.576043464878825
H2-c2,l,c2,0874,10.0,-2.77,0.5256849315068494,0.02479344,2.7091191846998868
H2-c2,l,c2,1372,16.0,-13.456666666666667,0.42566510172143973,-0.041700120000000014,0.28350457009366986
Sol effort,e2,e3,0211,1.5,-4.826666666666666,0.5899759309075464,-0.1497,0.6405762304921969
Sol effort,e2,e3,0233,-6.5,-1.603333333333333,0.7882456526524323,-0.0761,0.6874743326488706
Sol effort,e2,e3,0333,-1.0,-1.096666666666666,0.8957045490569029,-0.19430000000000003,0.6248310484649546
Sol effort,e2,e3,0338,-3.0,2.0949999999999998,1.3757847533632286,-0.10250000000000004,0.6998535871156661
Sol effort,e2,e3,0452,-6.0,-4.3983333333333325,0.5374233128834356,-0.3223,0.5142426525998494
Sol effort,e2,e3,0470,1.0,-0.1333333333333334,0.7877984084880636,-0.012499999999999997,0.8204022988505747
Sol effort,e2,e3,0532,-6.0,-4.843333333333334,0.47921146953405014,-0.11439999999999997,0.651538227231191
Sol effort,e2,e3,0673,3.5,-5.841666666666667,0.4475094577553594,-0.1195,0.6250392218387198
Sol effort,e2,e3,0874,9.0,-9.031666666666666,0.15208887498044124,-0.6564,0.1960808328230251
Sol effort,e2,e3,1372,15.0,-2.591666666666667,0.6627629581435698,-0.08209999999999999,0.5089712918660287
Opus effort,d2,d,0211,-17.5,-15.138333333333334,0.09639872662156784,-0.45519999999999994,0.3265275928391774
Opus effort,d2,d,0233,-1.0,-0.913333333333333,0.5758513931888546,-0.22669999999999998,0.4872200859534042
Opus effort,d2,d,0333,0.0,-2.5533333333333337,0.5688150858429496,-1.0790000000000002,0.31868409420976196
Opus effort,d2,d,0338,-6.5,-4.001666666666666,0.17178337357709555,-0.9456999999999999,0.13055070331892984
Opus effort,d2,d,0452,-10.0,-4.465000000000001,0.5390571231933929,-1.8480999999999999,0.33562210159255135
Opus effort,d2,d,0470,1.0,-0.29666666666666663,0.3904109589041096,-0.06080000000000001,0.5766016713091922
Opus effort,d2,d,0532,4.0,-0.2199999999999998,0.9451599501454093,-0.44659999999999994,0.4678265014299333
Opus effort,d2,d,0673,2.5,-3.7883333333333336,0.37434627030002754,-0.26759999999999995,0.6485421591804571
Opus effort,d2,d,0874,11.0,-14.903333333333334,0.2650612311991452,-5.3832,0.20960826921947492
Opus effort,d2,d,1372,-6.0,-14.115000000000002,0.3119668535218133,-0.31429999999999997,0.3051072297147911
Local / hosted,b2,e3,0211,4.0,45.80166666666667,4.8908395865779415,-0.2734878399999999,0.343366530612245
Local / hosted,b2,e3,0233,9.0,31.656666666666663,5.180937706361434,-0.14605681999999998,0.4001773305954826
Local / hosted,b2,e3,0333,0.0,36.49333333333333,4.470597559042638,-0.40113129999999997,0.2254657269743194
Local / hosted,b2,e3,0338,-1.0,20.246666666666666,4.63168908819133,-0.27735898000000003,0.1878214348462665
Local / hosted,b2,e3,0452,2.0,33.01,4.471691498685364,-0.5578844599999999,0.15917941220798798
Local / hosted,b2,e3,0470,1.0,41.33500000000001,66.78514588859416,0.03463692000000004,1.4976568965517247
Local / hosted,b2,e3,0532,0.0,22.453333333333333,3.414336917562724,-0.24942471999999996,0.24025367042339332
Local / hosted,b2,e3,0673,7.5,32.64,4.087011349306431,-0.21135807999999995,0.33681179792908705
Local / hosted,b2,e3,0874,12.0,63.35666666666667,6.948051948051948,-0.6326632999999999,0.2251521126760564
Local / hosted,b2,e3,1372,8.5,50.295,7.544567338972024,-0.02317767999999995,0.8613775119617227
GLM / Flash,f,j,0211,-0.5,-12.121666666666668,0.21644042232277527,0.2028,2.223898611949306
GLM / Flash,f,j,0233,-3.0,9.116666666666665,2.13344384583506,0.4073,4.402673350041772
GLM / Flash,f,j,0333,28.5,-98.75166666666668,0.1770808738767517,2.1358,3.6244777586630628
GLM / Flash,f,j,0338,-0.5,-7.1816666666666675,0.30184705119896305,0.37539999999999996,3.9145962732919255
GLM / Flash,f,j,0452,-6.5,1.201666666666667,1.116610059841501,0.9025,3.5202457414130133
GLM / Flash,f,j,0470,3.0,-2.443333333333333,0.6787905346187555,0.2911,28.205607476635517
GLM / Flash,f,j,0532,-12.5,-4.834999999999999,0.4550065752395266,0.34839999999999993,3.0127094165222412
GLM / Flash,f,j,0673,-6.5,-3.1083333333333325,0.703167276778609,0.6226,3.913430042115115
GLM / Flash,f,j,0874,6.5,-31.691666666666666,0.4183414395399345,4.1779,5.327636212968717
GLM / Flash,f,j,1372,-8.0,-14.039999999999997,0.4172661870503598,0.3427,4.317521781219749
IQ3_S / Q2_0,b2,b3,0211,4.0,10.320000000000004,1.2183972911963883,0.02563488,1.2183972911963883
IQ3_S / Q2_0,b2,b3,0233,2.0,15.254999999999995,1.6363320355951054,0.03789342,1.6363320355951054
IQ3_S / Q2_0,b2,b3,0333,0.0,8.240000000000002,1.2125446025536306,0.020468160000000013,1.2125446025536306
IQ3_S / Q2_0,b2,b3,0338,0.0,7.556666666666664,1.4137238799160505,0.018770760000000004,1.4137238799160508
IQ3_S / Q2_0,b2,b3,0452,17.0,10.166666666666666,1.3142548039771265,0.025254,1.3142548039771262
IQ3_S / Q2_0,b2,b3,0470,3.0,23.78166666666667,2.3080025666880557,0.05907366000000002,2.3080025666880557
IQ3_S / Q2_0,b2,b3,0532,5.0,15.256666666666668,1.9248332996564963,0.03789756000000001,1.9248332996564963
IQ3_S / Q2_0,b2,b3,0673,1.5,9.300000000000004,1.2742284253980736,0.023101200000000016,1.2742284253980736
IQ3_S / Q2_0,b2,b3,0874,18.0,-45.99666666666667,0.6167104148438259,-0.11425572000000003,0.6167104148438259
IQ3_S / Q2_0,b2,b3,1372,4.0,9.891666666666667,1.20569784771081,0.024570900000000007,1.20569784771081
Haiku / Sonnet,n,g,0211,-3.0,2.2866666666666666,4.473417721518987,-0.0977,0.17622259696458684
Haiku / Sonnet,n,g,0233,8.0,0.7033333333333331,1.4489361702127659,-0.1693,0.1098843322818086
Haiku / Sonnet,n,g,0333,1.0,9.741666666666667,4.097509273979862,-0.1899,0.5731625084288604
Haiku / Sonnet,n,g,0338,2.0,1.0583333333333333,2.7688022284122566,-0.09380000000000001,0.12581547064305684
Haiku / Sonnet,n,g,0452,-1.0,2.9050000000000002,2.091421415153413,-0.2069,0.5135198683282389
Haiku / Sonnet,n,g,0470,1.0,0.22166666666666668,2.2314814814814814,-0.0443,0.07515657620041753
Haiku / Sonnet,n,g,0532,3.0,2.4716666666666667,4.822164948453609,-0.0786,0.2420443587270974
Haiku / Sonnet,n,g,0673,3.5,0.45499999999999996,1.3127147766323024,-0.23369999999999996,0.09523809523809525
Haiku / Sonnet,n,g,0874,-12.0,3.681666666666668,1.3999637877964877,-0.6023,0.5223253231818542
Haiku / Sonnet,n,g,1372,1.0,16.688333333333336,21.602880658436217,-0.06319999999999999,0.20702634880803014
