axis,a,b,n,p,winner,loser,effect_intensity,median_advantage,p_holm,shown,line_width
quality,a,b,10,0.845703125,b,a,0.5,-0.0,1,False,0.545151789759855
quality,a,b2,10,0.02734375,b2,a,5.599999999999998,4.25,1,True,1.5
quality,a,b3,10,0.93359375,b3,a,0.14999999999999858,1.25,1,False,0.47854553692795626
quality,a,d,10,0.02734375,d,a,3.099999999999998,2.5,1,True,1.039941096511101
quality,a,d2,10,0.5859375,d2,a,0.8499999999999979,0.75,1,False,0.6117580425917531
quality,a,e2,10,0.37890625,e2,a,2.049999999999997,1.25,1,False,0.840122338015405
quality,a,e3,10,0.412109375,e3,a,1.2999999999999972,2.25,1,False,0.6973946533756226
quality,a,f,10,0.94140625,f,a,1.0499999999999972,-0.25,1,False,0.649818758495695
quality,a,g,10,0.671875,a,g,0.75,1.5,1,False,0.5927276846397825
quality,a,i,10,0.66796875,a,i,1.3499999999999979,0.75,1,False,0.7069098323516082
quality,a,j,10,0.203125,j,a,1.0,3.5,1,False,0.6403035795197101
quality,a,k,10,0.44140625,k,a,0.6499999999999986,2.25,1,False,0.5736973266878113
quality,a,l,10,0.98046875,a,l,1.5999999999999979,0.0,1,False,0.7544857272315357
quality,a,mi,10,0.0625,mi,a,4.299999999999997,5.0,1,False,1.268305391934753
quality,a,mr,10,0.0625,mr,a,4.299999999999997,5.0,1,False,1.268305391934753
quality,a,n,10,0.62890625,n,a,1.0999999999999979,0.25,1,False,0.6593339374716807
quality,b,b2,10,0.0546875,b2,b,5.099999999999998,5.25,1,False,1.420548255550521
quality,b,b3,10,0.822265625,b,b3,0.3500000000000014,3.25,1,False,0.5166062528318988
quality,b,d,10,0.021484375,d,b,2.599999999999998,2.25,1,True,0.9447893067512458
quality,b,d2,10,0.70703125,d2,b,0.34999999999999787,1.25,1,False,0.5166062528318981
quality,b,e2,10,0.40625,e2,b,1.5499999999999972,-0.75,1,False,0.7449705482555501
quality,b,e3,10,0.5703125,e3,b,0.7999999999999972,2.0,1,False,0.6022428636157675
quality,b,f,10,0.8671875,f,b,0.5499999999999972,0.75,1,False,0.55466696873584
quality,b,g,10,0.94140625,g,b,0.25,-0.0,1,False,0.49757589487992754
quality,b,i,10,0.826171875,i,b,0.8499999999999979,-0.5,1,False,0.6117580425917531
quality,b,j,10,0.6953125,j,b,0.5,3.25,1,False,0.545151789759855
quality,b,k,10,0.5390625,k,b,0.14999999999999858,2.5,1,False,0.47854553692795626
quality,b,l,10,0.841796875,l,b,1.0999999999999979,-1.25,1,False,0.6593339374716807
quality,b,mi,10,0.04296875,mi,b,3.799999999999997,4.25,1,True,1.1731536021748978
quality,b,mr,10,0.04296875,mr,b,3.799999999999997,4.25,1,True,1.1731536021748978
quality,b,n,10,0.642578125,n,b,0.5999999999999979,2.75,1,False,0.5641821477118256
quality,b2,b3,10,0.0078125,b2,b3,5.449999999999999,3.5,1,True,1.4871545083824198
quality,b2,d,10,0.359375,b2,d,2.5,1.75,1,False,0.9257589487992752
quality,b2,d2,10,0.0625,b2,d2,4.75,2.5,1,False,1.3539420027186229
quality,b2,e2,10,0.07421875,b2,e2,3.5500000000000007,2.75,1,False,1.1255777072949709
quality,b2,e3,10,0.0234375,b2,e3,4.300000000000001,3.0,1,True,1.2683053919347536
quality,b2,f,10,0.013671875,b2,f,4.550000000000001,4.75,1,True,1.315881286814681
quality,b2,g,10,0.029296875,b2,g,4.849999999999998,4.5,1,True,1.3729723606705935
quality,b2,i,10,0.0390625,b2,i,4.25,5.0,1,True,1.2587902129587678
quality,b2,j,10,0.2890625,b2,j,4.599999999999998,0.5,1,False,1.3253964657906658
quality,b2,k,10,0.09765625,b2,k,4.949999999999999,2.5,1,False,1.3920027186225647
quality,b2,l,10,0.015625,b2,l,4.0,2.75,1,True,1.2112143180788404
quality,b2,mi,10,0.58984375,b2,mi,1.3000000000000007,1.0,1,False,0.6973946533756232
quality,b2,mr,10,0.58984375,b2,mr,1.3000000000000007,1.0,1,False,0.6973946533756232
quality,b2,n,10,0.0390625,b2,n,4.5,5.25,1,True,1.3063661078386954
quality,b3,d,10,0.203125,d,b3,2.9499999999999993,2.75,1,False,1.0113955595831448
quality,b3,d2,10,0.71484375,d2,b3,0.6999999999999993,1.75,1,False,0.5832125056637969
quality,b3,e2,10,0.541015625,e2,b3,1.8999999999999986,0.25,1,False,0.8115768010874489
quality,b3,e3,10,0.7734375,e3,b3,1.1499999999999986,0.5,1,False,0.6688491164476663
quality,b3,f,10,0.98046875,b3,f,0.8999999999999986,2.0,1,False,0.6212732215677388
quality,b3,g,10,0.9453125,g,b3,0.6000000000000014,0.5,1,False,0.5641821477118263
quality,b3,i,10,0.796875,i,b3,1.1999999999999993,-0.75,1,False,0.678364295423652
quality,b3,j,10,0.361328125,j,b3,0.8500000000000014,3.5,1,False,0.6117580425917538
quality,b3,k,10,0.7109375,k,b3,0.5,1.0,1,False,0.545151789759855
quality,b3,l,10,0.84375,l,b3,1.4499999999999993,1.0,1,False,0.7259401903035796
quality,b3,mi,10,0.203125,mi,b3,4.149999999999999,3.0,1,False,1.2397598550067965
quality,b3,mr,10,0.203125,mr,b3,4.149999999999999,3.0,1,False,1.2397598550067965
quality,b3,n,10,0.6875,n,b3,0.9499999999999993,1.75,1,False,0.6307884005437244
quality,d,d2,10,0.515625,d,d2,2.25,0.5,1,False,0.8781830539193477
quality,d,e2,10,0.28515625,d,e2,1.0500000000000007,1.5,1,False,0.6498187584956957
quality,d,e3,10,0.375,d,e3,1.8000000000000007,0.75,1,False,0.7925464431354783
quality,d,f,10,0.310546875,d,f,2.0500000000000007,2.5,1,False,0.8401223380154058
quality,d,g,10,0.171875,d,g,2.349999999999998,2.5,1,False,0.8972134118713183
quality,d,i,10,0.484375,d,i,1.75,1.75,1,False,0.7830312641594926
quality,d,j,10,0.93359375,d,j,2.099999999999998,-0.5,1,False,0.8496375169913908
quality,d,k,10,0.7421875,d,k,2.4499999999999993,0.0,1,False,0.9162437698232896
quality,d,l,10,0.21484375,d,l,1.5,3.5,1,False,0.7354553692795651
quality,d,mi,10,0.35546875,mi,d,1.1999999999999993,2.25,1,False,0.678364295423652
quality,d,mr,10,0.35546875,mr,d,1.1999999999999993,2.25,1,False,0.678364295423652
quality,d,n,10,0.40625,d,n,2.0,-0.5,1,False,0.8306071590394202
quality,d2,e2,10,0.96875,e2,d2,1.1999999999999993,-0.5,1,False,0.678364295423652
quality,d2,e3,10,1.0,,,0.4499999999999993,0.0,1,False,0.5356366107838694
quality,d2,f,10,0.94921875,d2,f,0.1999999999999993,0.5,1,False,0.4880607159039419
quality,d2,g,10,0.845703125,d2,g,0.09999999999999787,1.0,1,False,0.4690303579519706
quality,d2,i,10,1.0,,,0.5,0.0,1,False,0.545151789759855
quality,d2,j,10,0.4921875,j,d2,0.15000000000000213,3.0,1,False,0.4785455369279569
quality,d2,k,10,0.84375,d2,k,0.1999999999999993,-0.5,1,False,0.4880607159039419
quality,d2,l,10,0.8828125,l,d2,0.75,-0.5,1,False,0.5927276846397825
quality,d2,mi,10,0.09765625,mi,d2,3.4499999999999993,2.25,1,False,1.1065473493429996
quality,d2,mr,10,0.09765625,mr,d2,3.4499999999999993,2.25,1,False,1.1065473493429996
quality,d2,n,10,1.0,n,d2,0.25,-0.0,1,False,0.49757589487992754
quality,e2,e3,10,0.9453125,e2,e3,0.75,0.0,1,False,0.5927276846397825
quality,e2,f,10,0.48828125,e2,f,1.0,0.5,1,False,0.6403035795197101
quality,e2,g,10,0.5703125,e2,g,1.2999999999999972,-0.25,1,False,0.6973946533756226
quality,e2,i,10,0.904296875,i,e2,0.6999999999999993,1.0,1,False,0.5832125056637969
quality,e2,j,10,0.8203125,j,e2,1.0499999999999972,0.5,1,False,0.649818758495695
quality,e2,k,10,0.93359375,k,e2,1.3999999999999986,0.5,1,False,0.7164250113275938
quality,e2,l,10,0.75390625,e2,l,0.4499999999999993,0.0,1,False,0.5356366107838694
quality,e2,mi,10,0.080078125,mi,e2,2.25,2.5,1,False,0.8781830539193477
quality,e2,mr,10,0.080078125,mr,e2,2.25,2.5,1,False,0.8781830539193477
quality,e2,n,10,0.78515625,e2,n,0.9499999999999993,-0.75,1,False,0.6307884005437244
quality,e3,f,10,0.984375,e3,f,0.25,-0.25,1,False,0.49757589487992754
quality,e3,g,10,0.767578125,e3,g,0.5499999999999972,2.0,1,False,0.55466696873584
quality,e3,i,10,0.71484375,e3,i,0.05000000000000071,-0.5,1,False,0.45951517897598565
quality,e3,j,10,0.548828125,j,e3,0.29999999999999716,2.0,1,False,0.5070910738559125
quality,e3,k,10,0.9140625,k,e3,0.6499999999999986,0.25,1,False,0.5736973266878113
quality,e3,l,10,0.9375,e3,l,0.3000000000000007,0.5,1,False,0.5070910738559131
quality,e3,mi,10,0.125,mi,e3,3.0,3.0,1,False,1.0209107385591303
quality,e3,mr,10,0.125,mr,e3,3.0,3.0,1,False,1.0209107385591303
quality,e3,n,10,0.96875,e3,n,0.1999999999999993,-0.5,1,False,0.4880607159039419
quality,f,g,10,0.94140625,f,g,0.29999999999999716,0.0,1,False,0.5070910738559125
quality,f,i,10,0.865234375,f,i,0.3000000000000007,0.25,1,False,0.5070910738559131
quality,f,j,10,0.44140625,j,f,0.04999999999999716,1.75,1,False,0.459515178975985
quality,f,k,10,0.572265625,k,f,0.3999999999999986,1.0,1,False,0.5261214318078837
quality,f,l,10,0.826171875,l,f,0.5500000000000007,0.25,1,False,0.5546669687358406
quality,f,mi,10,0.12109375,mi,f,3.25,3.25,1,False,1.0684866334390577
quality,f,mr,10,0.12109375,mr,f,3.25,3.25,1,False,1.0684866334390577
quality,f,n,10,1.0,,,0.05000000000000071,0.0,1,False,0.45951517897598565
quality,g,i,10,0.44921875,i,g,0.5999999999999979,0.5,1,False,0.5641821477118256
quality,g,j,10,0.578125,j,g,0.25,5.0,1,False,0.49757589487992754
quality,g,k,10,0.541015625,k,g,0.10000000000000142,2.0,1,False,0.4690303579519713
quality,g,l,10,0.25390625,l,g,0.8499999999999979,1.0,1,False,0.6117580425917531
quality,g,mi,10,0.150390625,mi,g,3.549999999999997,6.0,1,False,1.1255777072949702
quality,g,mr,10,0.150390625,mr,g,3.549999999999997,6.0,1,False,1.1255777072949702
quality,g,n,10,0.416015625,n,g,0.34999999999999787,1.0,1,False,0.5166062528318981
quality,i,j,10,0.734375,j,i,0.34999999999999787,3.0,1,False,0.5166062528318981
quality,i,k,10,0.8203125,k,i,0.6999999999999993,-0.5,1,False,0.5832125056637969
quality,i,l,10,0.875,l,i,0.25,0.25,1,False,0.49757589487992754
quality,i,mi,10,0.205078125,mi,i,2.9499999999999993,4.75,1,False,1.0113955595831448
quality,i,mr,10,0.205078125,mr,i,2.9499999999999993,4.75,1,False,1.0113955595831448
quality,i,n,10,0.9453125,i,n,0.25,0.0,1,False,0.49757589487992754
quality,j,k,10,0.78125,j,k,0.3500000000000014,1.5,1,False,0.5166062528318988
quality,j,l,10,0.494140625,j,l,0.5999999999999979,2.75,1,False,0.5641821477118256
quality,j,mi,10,0.169921875,mi,j,3.299999999999997,2.5,1,False,1.0780018124150428
quality,j,mr,10,0.169921875,mr,j,3.299999999999997,2.5,1,False,1.0780018124150428
quality,j,n,10,0.197265625,j,n,0.09999999999999787,2.5,1,False,0.4690303579519706
quality,k,l,10,0.9140625,k,l,0.9499999999999993,-0.5,1,False,0.6307884005437244
quality,k,mi,10,0.16015625,mi,k,3.6499999999999986,2.0,1,False,1.1446080652469415
quality,k,mr,10,0.16015625,mr,k,3.6499999999999986,2.0,1,False,1.1446080652469415
quality,k,n,10,0.84765625,k,n,0.4499999999999993,0.5,1,False,0.5356366107838694
quality,l,mi,10,0.15234375,mi,l,2.6999999999999993,5.0,1,False,0.9638196647032171
quality,l,mr,10,0.15234375,mr,l,2.6999999999999993,5.0,1,False,0.9638196647032171
quality,l,n,10,0.9921875,l,n,0.5,0.25,1,False,0.545151789759855
quality,mi,mr,10,1.0,,,0.0,0.0,1,False,0.45
quality,mi,n,10,0.22265625,mi,n,3.1999999999999993,5.25,1,False,1.0589714544630722
quality,mr,n,10,0.22265625,mr,n,3.1999999999999993,5.25,1,False,1.0589714544630722
seconds,a,b,10,0.005859375,b,a,0.4827632360336564,1215.9499999999998,0.333984375,True,0.7898692046596254
seconds,a,b2,10,0.10546875,b2,a,0.32591469439786763,860.4999999999998,1,False,0.6794465686367339
seconds,a,b3,10,0.02734375,b3,a,0.47477768207879534,1284.2,1,True,0.7842473103875935
seconds,a,d,10,0.001953125,d,a,1.9519771028677213,2791.45,0.265625,False,1.5
seconds,a,d2,10,0.001953125,d2,a,3.048368249396636,3025.1499999999996,0.265625,False,1.5
seconds,a,e2,10,0.001953125,e2,a,2.5177173480213244,2746.0,0.265625,False,1.5
seconds,a,e3,10,0.001953125,e3,a,2.031266639379663,2633.6,0.265625,False,1.5
seconds,a,f,10,0.001953125,f,a,1.7980994892607178,2804.0,0.265625,False,1.5
seconds,a,g,10,0.001953125,g,a,3.418436692152854,3056.45,0.265625,False,1.5
seconds,a,i,10,0.001953125,i,a,1.8967634305880163,2638.55,0.265625,False,1.5
seconds,a,j,10,0.00390625,j,a,0.862391762328084,2116.1000000000004,0.265625,True,1.0571307433754644
seconds,a,k,10,0.76953125,k,a,0.06153734937027313,1024.8999999999999,1,False,0.4933227893639319
seconds,a,l,10,0.001953125,l,a,2.5435455347550615,2971.95,0.265625,False,1.5
seconds,a,mi,10,0.013671875,mi,a,0.7359139800346547,2240.5,0.724609375,True,0.9680893664298011
seconds,a,mr,10,0.322265625,a,mr,0.4107551297181701,1852.3000000000002,1,False,0.7391749181112937
seconds,a,n,10,0.001953125,n,a,2.346294638435863,3011.05,0.265625,False,1.5
seconds,b,b2,10,0.275390625,b,b2,0.15684854163578887,573.8499999999999,1,False,0.5604226360228916
seconds,b,b3,10,0.6953125,b,b3,0.007985553954861032,123.89999999999992,1,False,0.4556218942720318
seconds,b,d,10,0.001953125,d,b,1.4692138668340649,1385.4,0.265625,True,1.4843383901771972
seconds,b,d2,10,0.001953125,d2,b,2.5656050133629797,1663.4,0.265625,False,1.5
seconds,b,e2,10,0.001953125,e2,b,2.034954111987668,1582.95,0.265625,False,1.5
seconds,b,e3,10,0.001953125,e3,b,1.5485034033460063,1275.75,0.265625,True,1.5
seconds,b,f,10,0.001953125,f,b,1.3153362532270614,1312.1,0.265625,True,1.3760073114040667
seconds,b,g,10,0.001953125,g,b,2.9356734561191975,1754.6999999999998,0.265625,False,1.5
seconds,b,i,10,0.001953125,i,b,1.4140001945543599,1424.8,0.265625,True,1.4454675203938727
seconds,b,j,10,0.083984375,j,b,0.3796285262944275,1046.7,1,False,0.717261538715839
seconds,b,k,10,0.083984375,b,k,0.42122588666338345,326.35000000000014,1,False,0.7465464152956938
seconds,b,l,10,0.001953125,l,b,2.060782298721405,1608.25,0.265625,False,1.5
seconds,b,mi,10,0.232421875,mi,b,0.2531507440009984,575.25,1,False,0.6282201617701757
seconds,b,mr,10,0.083984375,b,mr,0.8935183657518264,2857.25,1,False,1.079044122770919
seconds,b,n,10,0.001953125,n,b,1.8635314024022067,1579.8000000000002,0.265625,False,1.5
seconds,b2,b3,10,0.083984375,b3,b2,0.1488629876809277,601.75,1,False,0.5548007417508596
seconds,b2,d,10,0.001953125,d,b2,1.6260624084698536,2238.7,0.265625,False,1.5
seconds,b2,d2,10,0.001953125,d2,b2,2.7224535549987685,2481.6000000000004,0.265625,False,1.5
seconds,b2,e2,10,0.001953125,e2,b2,2.1918026536234567,2282.15,0.265625,False,1.5
seconds,b2,e3,10,0.001953125,e3,b2,1.7053519449817953,2085.1,0.265625,False,1.5
seconds,b2,f,10,0.001953125,f,b2,1.4721847948628501,2005.85,0.265625,False,1.486429947426958
seconds,b2,g,10,0.001953125,g,b2,3.0925219977549863,2506.25,0.265625,False,1.5
seconds,b2,i,10,0.001953125,i,b2,1.5708487361901486,2040.4499999999998,0.265625,False,1.5
seconds,b2,j,10,0.083984375,j,b2,0.5364770679302163,1901.9499999999998,1,False,0.8276841747387305
seconds,b2,k,10,0.556640625,b2,k,0.26437734502759463,-155.64999999999998,1,False,0.6361237792728022
seconds,b2,l,10,0.001953125,l,b2,2.2176308403571943,2412.9500000000003,0.265625,False,1.5
seconds,b2,mi,10,0.001953125,mi,b2,0.40999928563678717,983.05,0.265625,True,0.7386427977930672
seconds,b2,mr,10,0.16015625,b2,mr,0.7366698241160375,1623.05,1,False,0.9686214867480276
seconds,b2,n,10,0.001953125,n,b2,2.0203799440379955,2323.2,0.265625,False,1.5
seconds,b3,d,10,0.001953125,d,b3,1.477199420788926,1507.15,0.265625,True,1.489960284449229
seconds,b3,d2,10,0.001953125,d2,b3,2.573590567317841,1763.3,0.265625,False,1.5
seconds,b3,e2,10,0.001953125,e2,b3,2.0429396659425287,1692.7,0.265625,False,1.5
seconds,b3,e3,10,0.001953125,e3,b3,1.5564889573008673,1385.5,0.265625,True,1.5
seconds,b3,f,10,0.001953125,f,b3,1.3233218071819224,1150.8999999999999,0.265625,True,1.3816292056760984
seconds,b3,g,10,0.001953125,g,b3,2.9436590100740583,1864.4499999999998,0.265625,False,1.5
seconds,b3,i,10,0.001953125,i,b3,1.421985748509221,1379.0499999999997,0.265625,True,1.4510894146659048
seconds,b3,j,10,0.083984375,j,b3,0.38761408024928856,1139.3,1,False,0.7228834329878708
seconds,b3,k,10,0.232421875,b3,k,0.4132403327085223,364.6999999999998,1,False,0.7409245210236618
seconds,b3,l,10,0.001953125,l,b3,2.0687678526762663,1536.3999999999999,0.265625,False,1.5
seconds,b3,mi,10,0.232421875,mi,b3,0.2611362979558594,446.7499999999999,1,False,0.6338420560422076
seconds,b3,mr,10,0.064453125,b3,mr,0.8855328117969654,2633.25,1,False,1.0734222284988872
seconds,b3,n,10,0.001953125,n,b3,1.8715169563570677,1580.0,0.265625,False,1.5
seconds,d,d2,10,0.001953125,d2,d,1.096391146528915,233.7,0.265625,True,1.2218681936680424
seconds,d,e2,10,0.375,e2,d,0.565740245153603,39.45000000000002,1,False,0.8482856870875969
seconds,d,e3,10,1.0,d,e3,0.07928953651194152,26.55000000000001,1,False,0.5058204720258881
seconds,d,f,10,0.375,d,f,0.1538776136070035,93.84999999999997,1,False,0.5583310787731305
seconds,d,g,10,0.001953125,g,d,1.4664595892851324,265.0,0.265625,True,1.4823993566094003
seconds,d,i,10,0.76953125,d,i,0.05521367227970501,23.0,1,False,0.4888708697833244
seconds,d,j,10,0.005859375,d,j,1.0895853405396374,309.45000000000005,0.333984375,True,1.2170768514613584
seconds,d,k,10,0.001953125,d,k,1.8904397534974482,2063.65,0.265625,False,1.5
seconds,d,l,10,0.275390625,l,d,0.5915684318873402,52.69999999999999,1,False,0.8664689384783129
seconds,d,mi,10,0.001953125,d,mi,1.2160631228330665,1237.1999999999998,0.265625,True,1.3061182284070214
seconds,d,mr,10,0.001953125,d,mr,2.3627322325858913,3991.3,0.265625,False,1.5
seconds,d,n,10,0.083984375,n,d,0.3943175355681417,185.75,1,False,0.7276027194986008
seconds,d2,e2,10,0.10546875,d2,e2,0.5306509013753121,93.89999999999998,1,False,0.8235825065804456
seconds,d2,e3,10,0.001953125,d2,e3,1.0171016100169734,323.55,0.265625,False,1.1660477216421543
seconds,d2,f,10,0.001953125,d2,f,1.2502687601359184,302.1,0.265625,False,1.3301992724411729
seconds,d2,g,10,0.16015625,g,d2,0.3700684427562177,31.3,1,False,0.710531162941358
seconds,d2,i,10,0.001953125,d2,i,1.1516048188086199,276.44999999999993,0.265625,False,1.2607390634513667
seconds,d2,j,10,0.001953125,d2,j,2.1859764870685523,529.85,0.265625,False,1.5
seconds,d2,k,10,0.001953125,d2,k,2.986830900026363,2496.0,0.265625,False,1.5
seconds,d2,l,10,0.048828125,d2,l,0.5048227146415746,137.14999999999998,1,True,0.8053992551897293
seconds,d2,mi,10,0.001953125,d2,mi,2.3124542693619814,1634.0,0.265625,False,1.5
seconds,d2,mr,10,0.001953125,d2,mr,3.459123379114806,4423.65,0.265625,False,1.5
seconds,d2,n,10,0.037109375,d2,n,0.7020736109607733,55.699999999999996,1,True,0.9442654741694417
seconds,e2,e3,10,0.013671875,e2,e3,0.48645070864166146,209.7,0.724609375,True,0.7924652150617089
seconds,e2,f,10,0.048828125,e2,f,0.7196178587606065,288.85,1,True,0.9566167658607274
seconds,e2,g,10,0.083984375,g,e2,0.9007193441315297,242.79999999999998,1,False,1.0841136695218037
seconds,e2,i,10,0.064453125,e2,i,0.620953917433308,209.5,1,False,0.8871565568709212
seconds,e2,j,10,0.001953125,e2,j,1.6553255856932403,385.54999999999995,0.265625,False,1.5
seconds,e2,k,10,0.001953125,e2,k,2.4561799986510513,2526.05,0.265625,False,1.5
seconds,e2,l,10,0.6953125,l,e2,0.025828186733737442,49.45,1,False,0.4681832513907162
seconds,e2,mi,10,0.001953125,e2,mi,1.7818033679866694,1495.5,0.265625,False,1.5
seconds,e2,mr,10,0.001953125,e2,mr,2.928472477739494,4453.7,0.265625,False,1.5
seconds,e2,n,10,0.921875,n,e2,0.17142270958546119,42.94999999999999,1,False,0.5706829675889962
seconds,e3,f,10,0.4921875,e3,f,0.2331671501189449,131.0,1,False,0.6141515507990185
seconds,e3,g,10,0.001953125,g,e3,1.3871700527731912,411.65,0.265625,False,1.4265788845835123
seconds,e3,i,10,0.76953125,e3,i,0.13450320879164646,6.4500000000000455,1,False,0.5446913418092123
seconds,e3,j,10,0.009765625,e3,j,1.1688748770515789,252.30000000000007,0.52734375,True,1.2728973234872463
seconds,e3,k,10,0.001953125,e3,k,1.96972929000939,2444.3,0.265625,False,1.5
seconds,e3,l,10,0.01953125,l,e3,0.5122788953753988,190.3,0.99609375,True,0.8106484664524249
seconds,e3,mi,10,0.001953125,e3,mi,1.295352659345008,1315.4499999999998,0.265625,True,1.3619387004329095
seconds,e3,mr,10,0.001953125,e3,mr,2.4420217690978325,4371.95,0.265625,False,1.5
seconds,e3,n,10,0.232421875,n,e3,0.3150279990562004,235.8,1,False,0.6717822474727129
seconds,f,g,10,0.001953125,g,f,1.6203372028921361,442.6,0.265625,False,1.5
seconds,f,i,10,0.845703125,i,f,0.09866394132729843,-70.89999999999999,1,False,0.5194602089898062
seconds,f,j,10,0.037109375,f,j,0.9357077269326339,360.5,1,True,1.1087457726882277
seconds,f,k,10,0.001953125,f,k,1.7365621398904447,2237.2,0.265625,False,1.5
seconds,f,l,10,0.130859375,l,f,0.7454460454943438,142.95000000000005,1,False,0.9748000172514435
seconds,f,mi,10,0.001953125,f,mi,1.062185509226063,1073.7999999999997,0.265625,True,1.197787149633891
seconds,f,mr,10,0.001953125,f,mr,2.208854618978888,4164.85,0.265625,False,1.5
seconds,f,n,10,0.037109375,n,f,0.5481951491751452,306.45000000000005,1,True,0.8359337982717312
seconds,g,i,10,0.001953125,g,i,1.5216732615648376,471.15,0.265625,False,1.5
seconds,g,j,10,0.001953125,g,j,2.55604492982477,561.1500000000001,0.265625,False,1.5
seconds,g,k,10,0.001953125,g,k,3.356899342782581,2664.0,0.265625,False,1.5
seconds,g,l,10,0.048828125,g,l,0.8748911573977923,172.8,1,True,1.0659304181310874
seconds,g,mi,10,0.001953125,g,mi,2.682522712118199,1701.0,0.265625,False,1.5
seconds,g,mr,10,0.001953125,g,mr,3.829191821871024,4591.65,0.265625,False,1.5
seconds,g,n,10,0.001953125,g,n,1.0721420537169908,142.75,0.265625,True,1.2047966371107997
seconds,i,j,10,0.037109375,i,j,1.0343716682599324,291.15000000000003,1,True,1.178205981678034
seconds,i,k,10,0.001953125,i,k,1.8352260812177432,1928.45,0.265625,False,1.5
seconds,i,l,10,0.02734375,l,i,0.6467821041670454,101.64999999999998,1,True,0.9053398082616375
seconds,i,mi,10,0.001953125,i,mi,1.1608494505533615,1417.7,0.265625,True,1.2672473586236972
seconds,i,mr,10,0.001953125,i,mr,2.3075185603061863,3853.05,0.265625,False,1.5
seconds,i,n,10,0.048828125,n,i,0.4495312078478468,148.0,1,True,0.7664735892819251
seconds,j,k,10,0.048828125,j,k,0.8008544129578108,1742.7,1,True,1.0138079540115326
seconds,j,l,10,0.00390625,l,j,1.6811537724269778,476.65,0.265625,False,1.5
seconds,j,mi,10,0.16015625,j,mi,0.12647778229342915,729.0000000000001,1,False,0.5390413769456633
seconds,j,mr,10,0.037109375,j,mr,1.2731468920462539,3670.3500000000004,1,True,1.346305661486758
seconds,j,n,10,0.001953125,n,j,1.4839028761077793,472.99999999999994,0.265625,False,1.494679570959959
seconds,k,l,10,0.001953125,l,k,2.4820081853847884,2380.15,0.265625,False,1.5
seconds,k,mi,10,0.005859375,mi,k,0.6743766306643817,1006.9999999999999,0.333984375,True,0.9247665770658693
seconds,k,mr,10,0.275390625,k,mr,0.4722924790884431,382.89999999999975,1,False,0.7824977074752255
seconds,k,n,10,0.001953125,n,k,2.28475728906559,2156.7,0.265625,False,1.5
seconds,l,mi,10,0.001953125,l,mi,1.807631554720407,1358.5499999999997,0.265625,False,1.5
seconds,l,mr,10,0.001953125,l,mr,2.9543006644732315,4307.8,0.265625,False,1.5
seconds,l,n,10,1.0,l,n,0.1972508963191986,-31.950000000000003,1,False,0.5888662189797123
seconds,mi,mr,10,0.03125,mi,mr,1.1466691097528248,2323.65,1,True,1.2572642845410948
seconds,mi,n,10,0.001953125,n,mi,1.6103806584012084,1348.5,0.265625,False,1.5
seconds,mr,n,10,0.001953125,n,mr,2.757049768154033,4084.35,0.265625,False,1.5
cost_usd,a,b,10,0.005859375,b,a,0.4827632360336565,0.05034033,0.375,True,0.8033765731151266
cost_usd,a,b2,10,0.10546875,b2,a,0.32591469439786747,0.03562470000000001,1,False,0.6885654276005244
cost_usd,a,b3,10,0.02734375,b3,a,0.47477768207879534,0.05316588000000002,1,True,0.7975312487814441
cost_usd,a,d,10,0.001953125,a,d,2.2843094994175845,0.6845248999999999,0.265625,False,1.5
cost_usd,a,d2,10,0.009765625,a,d2,1.0538150944666536,0.17358439999999997,0.5859375,True,1.2213792993832226
cost_usd,a,e2,10,0.193359375,a,e2,0.2579211158950802,0.06412802999999996,1,False,0.6387949894815078
cost_usd,a,e3,10,0.00390625,a,e3,0.8950837160025528,0.22792447,0.2734375,True,1.105189941162139
cost_usd,a,f,10,0.001953125,a,f,2.092452561870734,0.42718976999999997,0.265625,False,1.5
cost_usd,a,g,10,0.083984375,a,g,0.6492284894458247,0.04988976999999998,1,False,0.9252270298251981
cost_usd,a,i,10,0.375,i,a,0.09235986455460363,0.031721520000000045,1,False,0.5176062508359847
cost_usd,a,j,10,0.083984375,a,j,0.6543195648030223,0.06496593999999997,1,False,0.9289536324927465
cost_usd,a,k,10,0.275390625,k,a,0.26806709380312815,0.05798799000000003,1,False,0.6462217167805969
cost_usd,a,l,10,0.001953125,l,a,1.409357238953173,0.10162195000000004,0.265625,False,1.4816316451270695
cost_usd,a,mi,10,0.001953125,a,mi,2.395221760303779,1.0814618355220385,0.265625,False,1.5
cost_usd,a,mr,10,0.001953125,a,mr,3.6906089864344285,1.92247107624663,0.265625,False,1.5
cost_usd,a,n,10,0.083984375,n,a,0.23276835904899879,0.07406023000000003,1,False,0.6203834901061771
cost_usd,b,b2,10,0.275390625,b,b2,0.156848541635789,0.023757390000000003,1,False,0.5648111455146021
cost_usd,b,b3,10,0.6953125,b,b3,0.007985553954861143,0.005129459999999999,1,False,0.45584532433368236
cost_usd,b,d,10,0.001953125,b,d,2.767072735451241,0.7329421999999999,0.265625,False,1.5
cost_usd,b,d2,10,0.001953125,b,d2,1.53657833050031,0.24086333,0.265625,False,1.5
cost_usd,b,e2,10,0.02734375,b,e2,0.7406843519287367,0.1391922,1,True,0.9921715625966343
cost_usd,b,e3,10,0.001953125,b,e3,1.3778469520362093,0.27563382999999997,0.265625,False,1.4585665142772655
cost_usd,b,f,10,0.001953125,b,f,2.575215797904391,0.45358382999999997,0.265625,False,1.5
cost_usd,b,g,10,0.005859375,b,g,1.1319917254794811,0.05384463999999997,0.375,False,1.2786036029403245
cost_usd,b,i,10,0.037109375,b,i,0.39040337147905285,0.03479219999999998,1,True,0.7357703222791419
cost_usd,b,j,10,0.02734375,b,j,1.137082800836679,0.10361332999999998,1,False,1.2823302056078731
cost_usd,b,k,10,0.845703125,b,k,0.21469614223052846,0.0039946399999999695,1,False,0.6071548563345297
cost_usd,b,l,10,0.01953125,l,b,0.9265940029195164,0.04149416000000002,1,True,1.1282550720119429
cost_usd,b,mi,10,0.001953125,b,mi,2.8779849963374353,1.1325101055220386,0.265625,False,1.5
cost_usd,b,mr,10,0.001953125,b,mr,4.173372222468085,2.04902880624663,0.265625,False,1.5
cost_usd,b,n,10,1.0,n,b,0.24999487698465758,0.03996617000000002,1,False,0.6329930830089493
cost_usd,b2,b3,10,0.083984375,b3,b2,0.1488629876809279,0.024912450000000003,1,False,0.5589658211809199
cost_usd,b2,d,10,0.001953125,b2,d,2.610224193815452,0.7071913999999999,0.265625,False,1.5
cost_usd,b2,d2,10,0.009765625,b2,d2,1.379729788864521,0.21584076999999996,0.5859375,False,1.459944726983747
cost_usd,b2,e2,10,0.02734375,b2,e2,0.5838358102929477,0.10782295999999995,1,True,0.8773604170820322
cost_usd,b2,e3,10,0.005859375,b2,e3,1.2209984104004203,0.26145627999999993,0.375,False,1.3437553687626633
cost_usd,b2,f,10,0.001953125,b2,f,2.418367256268602,0.44134185,0.265625,False,1.5
cost_usd,b2,g,10,0.083984375,b2,g,0.9751431838436921,0.06795789999999999,1,False,1.1637924574257223
cost_usd,b2,i,10,0.322265625,b2,i,0.23355482984326373,0.02129184999999998,1,False,0.6209591767645396
cost_usd,b2,j,10,0.048828125,b2,j,0.9802342592008897,0.07944184999999998,1,True,1.1675190600932708
cost_usd,b2,k,10,0.845703125,k,b2,0.05784760059473938,0.008478280000000019,1,False,0.4923437108199275
cost_usd,b2,l,10,0.00390625,l,b2,1.0834425445553053,0.08009255000000003,0.2734375,True,1.243066217526545
cost_usd,b2,mi,10,0.001953125,b2,mi,2.7211364547016466,1.0810188555220384,0.265625,False,1.5
cost_usd,b2,mr,10,0.001953125,b2,mr,4.016523680832296,2.02067601624663,0.265625,False,1.5
cost_usd,b2,n,10,0.845703125,n,b2,0.09314633534886858,0.06515923000000001,1,False,0.5181819374943473
cost_usd,b3,d,10,0.001953125,b3,d,2.7590871814963798,0.7376907799999999,0.265625,False,1.5
cost_usd,b3,d2,10,0.001953125,b3,d2,1.528592776545449,0.25373626,0.265625,False,1.5
cost_usd,b3,e2,10,0.037109375,b3,e2,0.7326987979738756,0.13219099999999995,1,True,0.9863262382629518
cost_usd,b3,e3,10,0.001953125,b3,e3,1.369861398081348,0.29172601,0.265625,False,1.452721189943583
cost_usd,b3,f,10,0.001953125,b3,f,2.56723024394953,0.47398626,0.265625,False,1.5
cost_usd,b3,g,10,0.009765625,b3,g,1.12400617152462,0.09668625999999998,0.5859375,False,1.272758278606642
cost_usd,b3,i,10,0.02734375,b3,i,0.3824178175241917,0.04866865999999995,1,True,0.7299249979454594
cost_usd,b3,j,10,0.009765625,b3,j,1.1290972468818177,0.10644450999999998,0.5859375,False,1.2764848812741907
cost_usd,b3,k,10,0.625,b3,k,0.20671058827566727,0.009733239999999983,1,False,0.6013095320008472
cost_usd,b3,l,10,0.01953125,l,b3,0.9345795568743777,0.03610651000000002,1,True,1.1341003963456253
cost_usd,b3,mi,10,0.001953125,b3,mi,2.869999442382574,1.1053868955220385,0.265625,False,1.5
cost_usd,b3,mr,10,0.001953125,b3,mr,4.165386668513224,2.04319554624663,0.265625,False,1.5
cost_usd,b3,n,10,1.0,n,b3,0.24200932302979652,0.03526001000000002,1,False,0.6271477586752671
cost_usd,d,d2,10,0.001953125,d2,d,1.230494404950931,0.45089999999999997,0.265625,True,1.350706316478047
cost_usd,d,e2,10,0.001953125,e2,d,2.0263883835225043,0.59375,0.265625,False,1.5
cost_usd,d,e3,10,0.001953125,e3,d,1.3892257834150314,0.47679999999999995,0.265625,True,1.4668956746991304
cost_usd,d,f,10,0.322265625,f,d,0.19185693754685018,0.15684999999999996,1,False,0.5904368478339187
cost_usd,d,g,10,0.001953125,g,d,1.6350810099717599,0.6463999999999999,0.265625,False,1.5
cost_usd,d,i,10,0.00390625,i,d,2.376669363972188,0.6981499999999999,0.2734375,False,1.5
cost_usd,d,j,10,0.001953125,j,d,1.6299899346145623,0.6069,0.265625,False,1.5
cost_usd,d,k,10,0.001953125,k,d,2.5523765932207128,0.71445,0.265625,False,1.5
cost_usd,d,l,10,0.001953125,l,d,3.6936667383707573,0.77945,0.265625,False,1.5
cost_usd,d,mi,10,0.76953125,d,mi,0.11091226088619455,0.2549323785236727,1,False,0.5311863699283055
cost_usd,d,mr,10,0.013671875,d,mr,1.4062994870168442,1.4366838901426933,0.73828125,True,1.4793934094453847
cost_usd,d,n,10,0.001953125,n,d,2.517077858466583,0.77545,0.265625,False,1.5
cost_usd,d2,e2,10,0.037109375,e2,d2,0.7958939785715733,0.11580000000000001,1,True,1.032584309901715
cost_usd,d2,e3,10,0.71484375,e3,d2,0.15873137846410068,6.938893903907228e-18,1,False,0.5661893582210837
cost_usd,d2,f,10,0.001953125,d2,f,1.0386374674040808,0.3193,0.265625,True,1.2102694686441284
cost_usd,d2,g,10,0.001953125,g,d2,0.40458660502082894,0.08095000000000002,0.265625,True,0.7461522695580247
cost_usd,d2,i,10,0.009765625,i,d2,1.1461749590212573,0.2222,0.5859375,False,1.2889855502192076
cost_usd,d2,j,10,0.048828125,j,d2,0.39949552966363133,0.0839,1,True,0.7424256668904763
cost_usd,d2,k,10,0.01953125,k,d2,1.3218821882697818,0.17875,1,True,1.4176010161638197
cost_usd,d2,l,10,0.001953125,l,d2,2.4631723334198266,0.2788,0.265625,False,1.5
cost_usd,d2,mi,10,0.001953125,d2,mi,1.3414066658371253,0.8489458955220384,0.265625,True,1.4318926864063524
cost_usd,d2,mr,10,0.001953125,d2,mr,2.636793891967775,1.82972152624663,0.265625,False,1.5
cost_usd,d2,n,10,0.001953125,n,d2,1.2865834535156524,0.22475,0.265625,False,1.3917627894893998
cost_usd,e2,e3,10,0.001953125,e2,e3,0.6371626001074726,0.11694999999999998,0.265625,True,0.9163949516806313
cost_usd,e2,f,10,0.001953125,e2,f,1.834531445975654,0.36025,0.265625,False,1.5
cost_usd,e2,g,10,0.921875,e2,g,0.3913073735507444,0.008700000000000006,1,False,0.7364320403436903
cost_usd,e2,i,10,0.16015625,i,e2,0.35028098044968387,0.10885,1,False,0.7064012403174925
cost_usd,e2,j,10,0.845703125,j,e2,0.396398448907942,0.013149999999999995,1,False,0.7401586430112388
cost_usd,e2,k,10,0.064453125,k,e2,0.5259882096982083,0.06295,1,False,0.8350167062621046
cost_usd,e2,l,10,0.001953125,l,e2,1.6672783548482533,0.1857,0.265625,False,1.5
cost_usd,e2,mi,10,0.001953125,e2,mi,2.1373006444086986,0.9731958955220384,0.265625,False,1.5
cost_usd,e2,mr,10,0.001953125,e2,mr,3.432687870539348,1.94672152624663,0.265625,False,1.5
cost_usd,e2,n,10,0.080078125,n,e2,0.490689474944079,0.13465,1,False,0.8091784795876849
cost_usd,e3,f,10,0.00390625,e3,f,1.1973688458681815,0.28115,0.2734375,True,1.326458826865212
cost_usd,e3,g,10,0.083984375,g,e3,0.24585522655672823,0.08025,1,False,0.629962911336941
cost_usd,e3,i,10,0.005859375,i,e3,0.9874435805571565,0.2421,0.375,True,1.1727961919981238
cost_usd,e3,j,10,0.193359375,j,e3,0.24076415119953043,0.11439999999999999,1,False,0.6262363086693925
cost_usd,e3,k,10,0.001953125,k,e3,1.1631508098056809,0.23764999999999997,0.265625,True,1.3014116579427357
cost_usd,e3,l,10,0.001953125,l,e3,2.3044409549557257,0.313,0.265625,False,1.5
cost_usd,e3,mi,10,0.00390625,e3,mi,1.5001380443012262,0.8385958955220385,0.2734375,True,1.5
cost_usd,e3,mr,10,0.00390625,e3,mr,2.7955252704318756,1.80852152624663,0.2734375,False,1.5
cost_usd,e3,n,10,0.001953125,n,e3,1.1278520750515517,0.27849999999999997,0.265625,True,1.2755734312683162
cost_usd,f,g,10,0.001953125,g,f,1.4432240724249097,0.40735,0.265625,False,1.5
cost_usd,f,i,10,0.001953125,i,f,2.184812426425338,0.44245,0.265625,False,1.5
cost_usd,f,j,10,0.001953125,j,f,1.438132997067712,0.39135,0.265625,False,1.5
cost_usd,f,k,10,0.001953125,k,f,2.3605196556738623,0.42305,0.265625,False,1.5
cost_usd,f,l,10,0.001953125,l,f,3.5018098008239074,0.4965,0.265625,False,1.5
cost_usd,f,mi,10,0.083984375,f,mi,0.3027691984330447,0.4393155965697558,1,False,0.6716232177622241
cost_usd,f,mr,10,0.01953125,f,mr,1.5981564245636943,1.5935338901426932,1,True,1.5
cost_usd,f,n,10,0.001953125,n,f,2.325220920919733,0.50125,0.265625,False,1.5
cost_usd,g,i,10,0.048828125,i,g,0.7415883540004282,0.07940000000000001,1,True,0.9928332806611828
cost_usd,g,j,10,0.845703125,j,g,0.005091075357197649,0.007850000000000003,1,False,0.4537266026675485
cost_usd,g,k,10,0.083984375,k,g,0.9172955832489527,0.049850000000000005,1,False,1.1214487466057947
cost_usd,g,l,10,0.001953125,l,g,2.0585857283989974,0.1251,0.265625,False,1.5
cost_usd,g,mi,10,0.001953125,g,mi,1.7459932708579544,1.0177458955220384,0.265625,False,1.5
cost_usd,g,mr,10,0.001953125,g,mr,3.0413804969886042,1.9016338901426932,0.265625,False,1.5
cost_usd,g,n,10,0.001953125,n,g,0.8819968484948234,0.1335,0.265625,True,1.095610519931375
cost_usd,i,j,10,0.048828125,i,j,0.746679429357626,0.0775,1,True,0.9965598833287312
cost_usd,i,k,10,0.275390625,k,i,0.1757072292485243,0.0587,1,False,0.5786154659446121
cost_usd,i,l,10,0.001953125,l,i,1.3169973743985692,0.08105,0.265625,False,1.4140253942910845
cost_usd,i,mi,10,0.001953125,i,mi,2.487581624858383,1.1108458955220386,0.265625,False,1.5
cost_usd,i,mr,10,0.001953125,i,mr,3.7829688509890325,1.99547152624663,0.265625,False,1.5
cost_usd,i,n,10,0.193359375,n,i,0.14040849449439508,0.0688,1,False,0.5527772392701923
cost_usd,j,k,10,0.083984375,k,j,0.9223866586061503,0.064,1,False,1.1251753492733434
cost_usd,j,l,10,0.001953125,l,j,2.063676803756195,0.14155,0.265625,False,1.5
cost_usd,j,mi,10,0.001953125,j,mi,1.7409021955007566,1.0005779119262908,0.265625,False,1.5
cost_usd,j,mr,10,0.001953125,j,mr,3.0362894216314062,1.8662838901426935,0.265625,False,1.5
cost_usd,j,n,10,0.001953125,n,j,0.8870879238520211,0.14225,0.265625,True,1.0993371225989237
cost_usd,k,l,10,0.009765625,l,k,1.1412901451500448,0.04395,0.5859375,True,1.2854099283464726
cost_usd,k,mi,10,0.001953125,k,mi,2.663288854106907,1.0323655965697558,0.265625,False,1.5
cost_usd,k,mr,10,0.001953125,k,mr,3.9586760802375567,2.0946715262466302,0.265625,False,1.5
cost_usd,k,n,10,0.845703125,n,k,0.035298734754129174,0.03705,1,False,0.47583822667441966
cost_usd,l,mi,10,0.001953125,l,mi,3.804578999256952,1.1837958955220382,0.265625,False,1.5
cost_usd,l,mr,10,0.001953125,l,mr,5.099966225387601,2.09867152624663,0.265625,False,1.5
cost_usd,l,n,10,0.359375,l,n,1.176588879904174,0.00014999999999999996,1,False,1.311248155020892
cost_usd,mi,mr,10,0.03125,mi,mr,1.2953872261306496,0.32291518478095904,1,True,1.3982070395170794
cost_usd,mi,n,10,0.001953125,n,mi,2.627990119352778,1.1834458955220386,0.265625,False,1.5
cost_usd,mr,n,10,0.001953125,n,mr,3.9233773454834275,2.01532152624663,0.265625,False,1.5
